ts_id;jahr;wert
4;2020;61658
4;2021;61426
4;2022;60767
4;2023;60964
5;2020;705
5;2021;1064
5;2022;1477
5;2023;2006
6;2020;8
6;2021;11.2
6;2022;11.5
6;2023;11.7
14;2020;0.075
14;2021;0.08
14;2022;0.098
14;2023;0.11
13;2020;0.011434039
13;2021;0.017321655
13;2022;0.024305956
13;2023;0.032904665






